qseqid	sseqid	pident	length	evalue	bitscore	extra0	extra1	extra2	extra3	extra4	extra5	gene_id_raw	gene_id_norm	orthogroup
qseqid	sseqid	pident	length	evalue	bitscore	extra0	extra1	extra2	gene_id_raw	gene_id_norm	orthogroup	Unmapped	Unmapped	Unmapped
qseqid	sseqid	pident	length	evalue	bitscore	gene_id_raw	gene_id_norm	orthogroup	Unmapped	Unmapped	Unmapped	Unmapped	Unmapped	Unmapped
XP_795983.3	4_28586	45.597	318	1.78e-68	222	PL38912	PL38912	OG0001771	PL38912	PL38912	OG0001771	PL38912	PL38912	OG0001771
sp|Q25116.1|SM30_HEMPU	4_28586	44.262	305	5.0099999999999995e-67	217	PL38912	PL38912	OG0001771	PL38912	PL38912	OG0001771	PL38912	PL38912	OG0001771
XP_054774309.2	4_28586	47.095	327	3.28e-70	226	PL38912	PL38912	OG0001771	PL38912	PL38912	OG0001771	PL38912	PL38912	OG0001771
XP_041452956.1	4_28586	45.872	327	1.08e-68	222	PL38912	PL38912	OG0001771	PL38912	PL38912	OG0001771	PL38912	PL38912	OG0001771
CBX45522.1	4_28586	44.892	323	1.18e-71	230	PL38912	PL38912	OG0001771	PL38912	PL38912	OG0001771	PL38912	PL38912	OG0001771
CBX45522.1	4_28319	58.278	151	9.71e-48	159	PL38539	PL38539	Unmapped	PL38539	PL38539	Unmapped	PL38539	PL38539	Unmapped
XP_072164782.1	4_28586	32.639	288	6.749999999999999e-34	128	PL38912	PL38912	OG0001771	PL38912	PL38912	OG0001771	PL38912	PL38912	OG0001771
